{"CyC2018/CS-Notes": 8.335324966838774, "iluwatar/java-design-patterns": 27.3288281575655, "MisterBooo/LeetCodeAnimation": 4.1547222220235405, "doocs/advanced-java": 2.7860655835600663, "spring-projects/spring-boot": 11.641111450516984, "elastic/elasticsearch": 12.180592692233189, "kdn251/interviews": 25.180172588066036, "macrozheng/mall": 15.02875488465978, "spring-projects/spring-framework": 126.38729627964737, "google/guava": 176.20679916540044, "TheAlgorithms/Java": 210.3480128451205, "kon9chunkit/GitHub-Chinese-Top-Charts": 12.306071432440408, "square/retrofit": 6.876702723321793, "apache/dubbo": 37.005430470122846, "PhilJay/MPAndroidChart": 56.8896781285802, "airbnb/lottie-android": 14.076773439127336, "bumptech/glide": 11.3127871111302, "Blankj/AndroidUtilCode": 9.850653991847922, "NationalSecurityAgency/ghidra": 20.533022118813754, "zxing/zxing": 7.888137763564541, "netty/netty": 9.90555910761271, "skylot/jadx": 60.37870362427957, "crossoverJie/JCSprout": 2.7898734442512447, "ityouknow/spring-boot-examples": 42.534875026671216, "JakeWharton/butterknife": 10.7143436608939, "jeecgboot/jeecg-boot": 6.625800652846576, "alibaba/druid": 38.83038862188335, "alibaba/fastjson": 42.291084546442676, "greenrobot/EventBus": 31.73454768907737, "xkcoding/spring-boot-demo": 9.556486312778214, "scwang90/SmartRefreshLayout": 22.636312649346294, "dbeaver/dbeaver": 32.31202062556024, "lenve/vhr": 17.385000253667034, "CymChad/BaseRecyclerViewAdapterHelper": 17.633417515282613, "qiurunze123/miaosha": 2.9216667694660523, "wuyouzhuguli/SpringAll": 4.394090953875672, "SeleniumHQ/selenium": 32.447122721136914, "hollischuang/toBeTopJavaer": 21.719677336033314, "alibaba/easyexcel": 37.56593939228841, "signalapp/Signal-Android": 27.791298586965905, "seata/seata": 3.660024829826649, "alibaba/canal": 34.51106776681236, "dromara/hutool": 1.4947432161282492, "alibaba/spring-cloud-alibaba": 8.151785444112816, "google/gson": 68.40468218055949, "apache/kafka": 14.461740599901368, "halo-dev/halo": 2.691686886885381, "alibaba/nacos": 10.76221637822064, "ReactiveX/RxAndroid": 7.1679896194361366, "google/ExoPlayer": 7.533686267472777, "square/picasso": 19.45962611429809, "didi/DoraemonKit": 12.618474621515153, "DrKLO/Telegram": 26.78376194493224, "Baseflow/PhotoView": 44.97985741285543, "jenkinsci/jenkins": 8.274048797979034, "apache/skywalking": 1.5382842570445134, "alibaba/Sentinel": 8.33306796245724, "bazelbuild/bazel": 36.437718731853046, "apache/flink": 5.925565439113188, "CarGuo/GSYVideoPlayer": 2.7744258889457205, "facebook/fresco": 11.558673129526158, "elunez/eladmin": 10.965589630083656, "linlinjava/litemall": 12.691340140806338, "mybatis/mybatis-3": 28.14910582099734, "Tencent/tinker": 20.98537017726869, "freeCodeCamp/freeCodeCamp": 22.79098822424637, "facebook/react": 8.946650790907208, "twbs/bootstrap": 7.014989098157668, "trekhleb/javascript-algorithms": 4.234624685881971, "d3/d3": 27.441346259744623, "facebook/create-react-app": 6.375739558118133, "axios/axios": 38.13470051227004, "vercel/next.js": 6.626909794433925, "mui-org/material-ui": 6.877965503520305, "FortAwesome/Font-Awesome": 33.37879022604813, "awesome-selfhosted/awesome-selfhosted": 27.45733634203844, "yangshun/tech-interview-handbook": 12.473481377793682, "angular/angular.js": 20.743392600186667, "webpack/webpack": 13.949375184099424, "ryanmcdermott/clean-code-javascript": 12.65306867813752, "hakimel/reveal.js": 51.07010915797495, "typicode/json-server": 29.03568666937957, "atom/atom": 104.45827486956364, "expressjs/express": 14.892680071871945, "adam-p/markdown-here": 50.59893189887238, "h5bp/html5-boilerplate": 5.065375774109149, "gatsbyjs/gatsby": 6.381729976520903, "lodash/lodash": 75.5386956153614, "scutan90/DeepLearning-500-questions": 14.155454587896891, "leonardomso/33-js-concepts": 4.548214356448235, "NARKOZ/hacker-scripts": 10.619999925304642, "mermaid-js/mermaid": 62.964169264639224, "iamkun/dayjs": 5.321459337249042, "algorithm-visualizer/algorithm-visualizer": 2.251600009476145, "chinese-poetry/chinese-poetry": 1.824716993959023, "GitSquared/edex-ui": 3.6162926649780776, "hexojs/hexo": 31.816730351290666, "sahat/hackathon-starter": 15.680216845524098, "koajs/koa": 4.423835085379453, "public-apis/public-apis": 44.44121390142358, "donnemartin/system-design-primer": 34.868080533400644, "jackfrued/Python-100-Days": 10.60057151434677, "vinta/awesome-python": 177.88740669488325, "ytdl-org/youtube-dl": 24.24848097611576, "tensorflow/models": 25.23698455520147, "nvbn/thefuck": 31.058738267180985, "django/django": 15.879958165492038, "pallets/flask": 30.02670298723278, "keras-team/keras": 48.07611577394715, "josephmisiti/awesome-machine-learning": 6.922404800315521, "ansible/ansible": 13.175430121070073, "scikit-learn/scikit-learn": 12.297800523240907, "521xueweihan/HelloGitHub": 11.864548236207227, "home-assistant/core": 5.4459281634708585, "psf/requests": 7.522445740159532, "soimort/you-get": 4.422568765417724, "scrapy/scrapy": 18.746235516928742, "minimaxir/big-list-of-naughty-strings": 18.00602570362389, "apache/superset": 19.548521380295306, "python/cpython": 12.680400530630912, "deepfakes/faceswap": 3.2040178570896387, "3b1b/manim": 29.978485644539617, "tiangolo/fastapi": 7.397642444033295, "fighting41love/funNLP": 13.28821407617735, "0voice/interview_internal_reference": 3.784117728800458, "isocpp/CppCoreGuidelines": 15.660101489071602, "apachecn/AiLearning": 32.58464574970774, "pandas-dev/pandas": 16.05425624329534, "XX-net/XX-Net": 3.7661974928996207, "laravel/laravel": 5.5802111077787915, "danielmiessler/SecLists": 22.846970354384442, "blueimp/jQuery-File-Upload": 25.97645635423259, "fzaninotto/Faker": 35.719924052677705, "symfony/symfony": 11.25120383081584, "composer/composer": 13.303928270656735, "laravel/framework": 5.268401718600178, "guzzle/guzzle": 44.82420349025543, "DesignPatternsPHP/DesignPatternsPHP": 15.77253487130269, "Seldaek/monolog": 26.258388453574167, "bcit-ci/CodeIgniter": 20.87948927765486}