{"CyC2018/CS-Notes": 18.32121593348557, "iluwatar/java-design-patterns": 88.35113578584804, "MisterBooo/LeetCodeAnimation": 14.746388720038036, "doocs/advanced-java": 29.779426342716103, "spring-projects/spring-boot": 49.84500998834027, "elastic/elasticsearch": 49.952800100323415, "kdn251/interviews": 38.96448289933775, "macrozheng/mall": 28.411439677410495, "spring-projects/spring-framework": 106.2690085494953, "google/guava": 286.32010766477055, "TheAlgorithms/Java": 278.46498220963923, "kon9chunkit/GitHub-Chinese-Top-Charts": 51.090357495205744, "square/retrofit": 27.899090914663148, "apache/dubbo": 124.52612280903973, "PhilJay/MPAndroidChart": 73.18066453773554, "airbnb/lottie-android": 27.090924004198296, "bumptech/glide": 53.96847925280325, "Blankj/AndroidUtilCode": 28.14480127659719, "NationalSecurityAgency/ghidra": 87.40783584750466, "zxing/zxing": 13.785138686371829, "netty/netty": 52.314429908244165, "skylot/jadx": 120.78700254471644, "crossoverJie/JCSprout": 24.660506584504738, "ityouknow/spring-boot-examples": 87.29625016045756, "JakeWharton/butterknife": 37.97891202356846, "jeecgboot/jeecg-boot": 10.382710571714629, "alibaba/druid": 61.48230774142904, "alibaba/fastjson": 87.0817259646029, "greenrobot/EventBus": 80.83197204071138, "xkcoding/spring-boot-demo": 11.966216087416822, "scwang90/SmartRefreshLayout": 30.967158259442964, "dbeaver/dbeaver": 95.97236381933517, "lenve/vhr": 19.61887105187822, "CymChad/BaseRecyclerViewAdapterHelper": 22.79858325251276, "qiurunze123/miaosha": 40.15375002574486, "wuyouzhuguli/SpringAll": 10.804545358500697, "SeleniumHQ/selenium": 100.1723076451281, "hollischuang/toBeTopJavaer": 51.94967644457375, "alibaba/easyexcel": 70.29472664189608, "signalapp/Signal-Android": 135.01116139977293, "seata/seata": 33.59273493051616, "alibaba/canal": 62.10733050765979, "dromara/hutool": 2.4883496747983633, "alibaba/spring-cloud-alibaba": 48.4774856725761, "google/gson": 89.10827132725767, "apache/kafka": 53.54426023866328, "halo-dev/halo": 19.010981282324025, "alibaba/nacos": 41.102580060542046, "ReactiveX/RxAndroid": 36.07477809997961, "google/ExoPlayer": 47.08760109779606, "square/picasso": 62.27560827854893, "didi/DoraemonKit": 36.15006357914042, "DrKLO/Telegram": 121.94009588217097, "Baseflow/PhotoView": 69.12376769708732, "jenkinsci/jenkins": 60.83511433038779, "apache/skywalking": 15.73990700047455, "alibaba/Sentinel": 40.29676054691039, "bazelbuild/bazel": 161.76340310664244, "apache/flink": 34.08004410375796, "CarGuo/GSYVideoPlayer": 7.009669540503444, "facebook/fresco": 98.65505953759865, "elunez/eladmin": 10.833372638740945, "linlinjava/litemall": 39.252130659188296, "mybatis/mybatis-3": 71.61418266428046, "Tencent/tinker": 37.34837326823274, "freeCodeCamp/freeCodeCamp": 45.17818024206256, "facebook/react": 60.62734217275178, "twbs/bootstrap": 32.90874045992657, "trekhleb/javascript-algorithms": 59.175326868936814, "d3/d3": 99.8433535250647, "facebook/create-react-app": 46.471477924531484, "axios/axios": 162.50228105972948, "vercel/next.js": 29.463626047879846, "mui-org/material-ui": 30.786735745544348, "FortAwesome/Font-Awesome": 228.29435312698908, "awesome-selfhosted/awesome-selfhosted": 51.94107896444482, "yangshun/tech-interview-handbook": 52.87325967866237, "angular/angular.js": 98.66765991068068, "webpack/webpack": 88.0058238189501, "ryanmcdermott/clean-code-javascript": 77.63046993730785, "hakimel/reveal.js": 101.08254777184452, "typicode/json-server": 63.30843323186168, "atom/atom": 120.63251284704378, "expressjs/express": 56.18372075543966, "adam-p/markdown-here": 104.06072672031438, "h5bp/html5-boilerplate": 29.777938385983045, "gatsbyjs/gatsby": 38.03649834432945, "lodash/lodash": 3.875231747254592, "scutan90/DeepLearning-500-questions": 69.88651501838908, "leonardomso/33-js-concepts": 50.096607462469755, "NARKOZ/hacker-scripts": 63.77867555141668, "mermaid-js/mermaid": 214.84936167587597, "iamkun/dayjs": 31.5085565583822, "algorithm-visualizer/algorithm-visualizer": 25.524199547159174, "chinese-poetry/chinese-poetry": 38.89669840659876, "GitSquared/edex-ui": 18.7466341284505, "hexojs/hexo": 115.08120548040084, "sahat/hackathon-starter": 48.70827799833294, "koajs/koa": 36.632299418602024, "public-apis/public-apis": 57.52669885264254, "donnemartin/system-design-primer": 70.80263430367424, "jackfrued/Python-100-Days": 52.3458571641839, "vinta/awesome-python": 446.16578121922987, "ytdl-org/youtube-dl": 74.10992710085777, "tensorflow/models": 169.3379882062326, "nvbn/thefuck": 126.58812516614935, "django/django": 41.06642195948236, "pallets/flask": 96.5746786039204, "keras-team/keras": 287.31658504864146, "josephmisiti/awesome-machine-learning": 9.431261962128891, "ansible/ansible": 112.34134700126683, "scikit-learn/scikit-learn": 124.47534532565699, "521xueweihan/HelloGitHub": 16.280172081000202, "home-assistant/core": 39.308396499150525, "psf/requests": 39.78739047800914, "soimort/you-get": 22.653585020168734, "scrapy/scrapy": 133.27817344457952, "minimaxir/big-list-of-naughty-strings": 82.99153865274424, "apache/superset": 73.1866738606688, "python/cpython": 49.276159393222954, "deepfakes/faceswap": 17.06860489006171, "3b1b/manim": 95.01429779620747, "tiangolo/fastapi": 45.366112414314166, "fighting41love/funNLP": 16.060356756938354, "0voice/interview_internal_reference": 13.92235260062358, "isocpp/CppCoreGuidelines": 54.085956380854505, "apachecn/AiLearning": 142.22031044561092, "pandas-dev/pandas": 102.91758306431392, "XX-net/XX-Net": 86.83141812977948, "laravel/laravel": 8.78926826880863, "danielmiessler/SecLists": 47.37588985528702, "blueimp/jQuery-File-Upload": 58.42825422193094, "fzaninotto/Faker": 86.79896246462442, "symfony/symfony": 68.28226015246433, "composer/composer": 106.73868852800621, "laravel/framework": 11.210662335771735, "guzzle/guzzle": 149.37100840647628, "DesignPatternsPHP/DesignPatternsPHP": 39.49250697252707, "Seldaek/monolog": 87.3005498655923, "bcit-ci/CodeIgniter": 63.51264939582191}