{"CyC2018/CS-Notes": 587.8664643399089, "iluwatar/java-design-patterns": 140.74841245842154, "MisterBooo/LeetCodeAnimation": 194.02272727272728, "doocs/advanced-java": 43.47119341563786, "spring-projects/spring-boot": 114.28603268945022, "elastic/elasticsearch": 229.62020763717064, "kdn251/interviews": 95.77831325301204, "macrozheng/mall": 653.8520055325034, "spring-projects/spring-framework": 206.1921774965045, "google/guava": 10290.877628811777, "TheAlgorithms/Java": 212.0287356321839, "kon9chunkit/GitHub-Chinese-Top-Charts": 4557.419354838709, "square/retrofit": 425.8297074268567, "apache/dubbo": 693.0444145356662, "PhilJay/MPAndroidChart": 157.7568605927552, "airbnb/lottie-android": 160.00821225521162, "bumptech/glide": 1335.9936507936509, "Blankj/AndroidUtilCode": 1279.0168324407039, "NationalSecurityAgency/ghidra": 1223.1922700587083, "zxing/zxing": 403.6185216652506, "netty/netty": 197.06265335235378, "skylot/jadx": 201.82672934855609, "crossoverJie/JCSprout": 51.43485086342229, "ityouknow/spring-boot-examples": 414.1454545454545, "JakeWharton/butterknife": 175.4270696452037, "jeecgboot/jeecg-boot": 5712.856887298748, "alibaba/druid": 421.89763629431945, "alibaba/fastjson": 168.84307790345707, "greenrobot/EventBus": 70.2614503816794, "xkcoding/spring-boot-demo": 303.82758620689657, "scwang90/SmartRefreshLayout": 172.690756302521, "dbeaver/dbeaver": 162.77729084791767, "lenve/vhr": 471.37426900584796, "CymChad/BaseRecyclerViewAdapterHelper": 106.06718597857838, "qiurunze123/miaosha": 1936.2488687782804, "wuyouzhuguli/SpringAll": 740.7054794520548, "SeleniumHQ/selenium": 846.5065431342153, "hollischuang/toBeTopJavaer": 159.3678756476684, "alibaba/easyexcel": 198.86516853932585, "signalapp/Signal-Android": 574.5021150108608, "seata/seata": 462.620178041543, "alibaba/canal": 444.0317991631799, "dromara/hutool": 373.3146167557932, "alibaba/spring-cloud-alibaba": 468.0682844243792, "google/gson": 563.8429872495446, "apache/kafka": 236.9294207635074, "halo-dev/halo": 565.503664921466, "alibaba/nacos": 1284.1617326269866, "ReactiveX/RxAndroid": 80.04065040650407, "google/ExoPlayer": 714.1003601064663, "square/picasso": 239.89590254706533, "didi/DoraemonKit": 457.7269193391642, "DrKLO/Telegram": 21552.854219948847, "Baseflow/PhotoView": 61.47222222222222, "jenkinsci/jenkins": 76.59020705469752, "apache/skywalking": 620.3084112149533, "alibaba/Sentinel": 233.95089820359283, "bazelbuild/bazel": 839.4584950544635, "apache/flink": 640.4333209213256, "CarGuo/GSYVideoPlayer": 102.37114197530865, "facebook/fresco": 703.6073727325921, "elunez/eladmin": 271.1255230125523, "linlinjava/litemall": 526.3531100478469, "mybatis/mybatis-3": 8062.455403348554, "Tencent/tinker": 265.1829268292683, "freeCodeCamp/freeCodeCamp": 582.4380864482388, "facebook/react": 336.18023928984945, "twbs/bootstrap": 232.70869216903665, "trekhleb/javascript-algorithms": 166.22545846817692, "d3/d3": 226.0882684080162, "facebook/create-react-app": 246.2993667242372, "axios/axios": 121.43143459915612, "vercel/next.js": 416.47439544807963, "mui-org/material-ui": 294.9031604316153, "FortAwesome/Font-Awesome": 3666.036319612591, "awesome-selfhosted/awesome-selfhosted": 10.221287241300887, "yangshun/tech-interview-handbook": 146.26550868486353, "angular/angular.js": 190.03210147196992, "webpack/webpack": 126.82535965205754, "ryanmcdermott/clean-code-javascript": 51.808278867102395, "hakimel/reveal.js": 95.01040863531226, "typicode/json-server": 265.1206690561529, "atom/atom": 140.06512123197902, "expressjs/express": 41.768530322345654, "adam-p/markdown-here": 260.43957345971563, "h5bp/html5-boilerplate": 214.67332982640715, "gatsbyjs/gatsby": 282.4926808866583, "lodash/lodash": 305.05089856470875, "scutan90/DeepLearning-500-questions": 73.17682317682318, "leonardomso/33-js-concepts": 18.395973154362416, "NARKOZ/hacker-scripts": 45.351063829787236, "mermaid-js/mermaid": 1766.849912229374, "iamkun/dayjs": 138.08448275862068, "algorithm-visualizer/algorithm-visualizer": 363.83222748815166, "chinese-poetry/chinese-poetry": 104926.58312020461, "GitSquared/edex-ui": 410.953560371517, "hexojs/hexo": 120.09917355371901, "sahat/hackathon-starter": 240.93155555555555, "koajs/koa": 84.27090909090909, "public-apis/public-apis": 30.505794701986755, "donnemartin/system-design-primer": 76.34493670886076, "jackfrued/Python-100-Days": 981.4207492795389, "vinta/awesome-python": 27.50904392764858, "ytdl-org/youtube-dl": 35.70408488063661, "tensorflow/models": 2274.369991151561, "nvbn/thefuck": 32.01502629601803, "django/django": 195.15745993156852, "pallets/flask": 47.90344030066493, "keras-team/keras": 205.76319889215856, "josephmisiti/awesome-machine-learning": 9.785714285714286, "ansible/ansible": 197.28894342100716, "scikit-learn/scikit-learn": 238.50813580113288, "521xueweihan/HelloGitHub": 386.0990990990991, "home-assistant/core": 126.35325096717834, "psf/requests": 59.17382617382617, "soimort/you-get": 27.93588560885609, "scrapy/scrapy": 69.44485120453471, "minimaxir/big-list-of-naughty-strings": 70.53926701570681, "apache/superset": 1129.4078658590115, "python/cpython": 175.4724727003667, "deepfakes/faceswap": 314.2698795180723, "3b1b/manim": 283.4036721660458, "tiangolo/fastapi": 84.96337579617834, "fighting41love/funNLP": 76035.37391304348, "0voice/interview_internal_reference": 37.5358361774744, "isocpp/CppCoreGuidelines": 135.2875782881002, "apachecn/AiLearning": 6461.742911153119, "pandas-dev/pandas": 180.06865388820057, "XX-net/XX-Net": 2553.1086044071353, "laravel/laravel": 81.10453092686595, "danielmiessler/SecLists": 338636.42590286426, "blueimp/jQuery-File-Upload": 98.54065743944636, "fzaninotto/Faker": 155.46804326450345, "symfony/symfony": 127.13722034937174, "composer/composer": 42.588665647521296, "laravel/framework": 47.871974325264866, "guzzle/guzzle": 195.3242375601926, "DesignPatternsPHP/DesignPatternsPHP": 197.10178384050369, "Seldaek/monolog": 37.89990089197225, "bcit-ci/CodeIgniter": 532.1022943480693}