{"CyC2018/CS-Notes": 10.673141122913504, "iluwatar/java-design-patterns": 8.566676746295736, "MisterBooo/LeetCodeAnimation": 5.659090909090909, "doocs/advanced-java": 4.936213991769547, "spring-projects/spring-boot": 6.462569871930942, "elastic/elasticsearch": 7.436378168337457, "kdn251/interviews": 5.265060240963855, "macrozheng/mall": 4.793914246196404, "spring-projects/spring-framework": 7.561851497534771, "google/guava": 48.11501051524711, "TheAlgorithms/Java": 2.4473180076628354, "kon9chunkit/GitHub-Chinese-Top-Charts": 1.8279569892473118, "square/retrofit": 8.138034508627157, "apache/dubbo": 12.7121467025572, "PhilJay/MPAndroidChart": 4.960482985729967, "airbnb/lottie-android": 8.113708149084017, "bumptech/glide": 15.420458553791887, "Blankj/AndroidUtilCode": 25.966335118592195, "NationalSecurityAgency/ghidra": 11.310176125244618, "zxing/zxing": 9.286887567261399, "netty/netty": 5.903052781740371, "skylot/jadx": 7.795836131631968, "crossoverJie/JCSprout": 1.4960753532182103, "ityouknow/spring-boot-examples": 6.042424242424242, "JakeWharton/butterknife": 5.197109067017083, "jeecgboot/jeecg-boot": 12.168157423971378, "alibaba/druid": 8.727792603888677, "alibaba/fastjson": 4.977377728214115, "greenrobot/EventBus": 3.0419847328244276, "xkcoding/spring-boot-demo": 5.92, "scwang90/SmartRefreshLayout": 6.311764705882353, "dbeaver/dbeaver": 7.19494472560717, "lenve/vhr": 7.56140350877193, "CymChad/BaseRecyclerViewAdapterHelper": 4.243427458617332, "qiurunze123/miaosha": 14.036199095022624, "wuyouzhuguli/SpringAll": 13.08904109589041, "SeleniumHQ/selenium": 9.223115469194996, "hollischuang/toBeTopJavaer": 3.233160621761658, "alibaba/easyexcel": 6.974317817014446, "signalapp/Signal-Android": 10.10575054304333, "seata/seata": 9.449554896142434, "alibaba/canal": 6.468619246861925, "dromara/hutool": 6.96969696969697, "alibaba/spring-cloud-alibaba": 11.910270880361173, "google/gson": 7.939162112932605, "apache/kafka": 6.061330922745289, "halo-dev/halo": 11.187434554973821, "alibaba/nacos": 7.612651916484886, "ReactiveX/RxAndroid": 3.720867208672087, "google/ExoPlayer": 8.964380773446063, "square/picasso": 4.809523809523809, "didi/DoraemonKit": 15.464528668610301, "DrKLO/Telegram": 174.03836317135548, "Baseflow/PhotoView": 2.792929292929293, "jenkinsci/jenkins": 4.018378633573885, "apache/skywalking": 15.22003607148713, "alibaba/Sentinel": 7.835928143712575, "bazelbuild/bazel": 6.589864780267935, "apache/flink": 9.22019788286611, "CarGuo/GSYVideoPlayer": 3.990740740740741, "facebook/fresco": 8.54944411936805, "elunez/eladmin": 9.43723849372385, "linlinjava/litemall": 7.3186602870813395, "mybatis/mybatis-3": 108.85662100456621, "Tencent/tinker": 4.772865853658536, "freeCodeCamp/freeCodeCamp": 9.863828641747423, "facebook/react": 6.171105107423132, "twbs/bootstrap": 4.021830562787903, "trekhleb/javascript-algorithms": 2.676375404530744, "d3/d3": 4.207160549425805, "facebook/create-react-app": 3.3529073114565344, "axios/axios": 2.449367088607595, "vercel/next.js": 5.890875838244259, "mui-org/material-ui": 18.269211809169086, "FortAwesome/Font-Awesome": 85.82647296206618, "awesome-selfhosted/awesome-selfhosted": 1.01591994541733, "yangshun/tech-interview-handbook": 2.923076923076923, "angular/angular.js": 3.561775759473849, "webpack/webpack": 3.9488959518233524, "ryanmcdermott/clean-code-javascript": 1.0021786492374727, "hakimel/reveal.js": 2.3423284502698536, "typicode/json-server": 1.885304659498208, "atom/atom": 2.314138269986894, "expressjs/express": 2.1334911673647787, "adam-p/markdown-here": 3.9218009478672986, "h5bp/html5-boilerplate": 2.074171488690163, "gatsbyjs/gatsby": 5.899158882847716, "lodash/lodash": 5.959232903147992, "scutan90/DeepLearning-500-questions": 4.4475524475524475, "leonardomso/33-js-concepts": 1.0178970917225951, "NARKOZ/hacker-scripts": 1.574468085106383, "mermaid-js/mermaid": 3.401696898771211, "iamkun/dayjs": 2.6586206896551725, "algorithm-visualizer/algorithm-visualizer": 7.609478672985782, "chinese-poetry/chinese-poetry": 12.777493606138107, "GitSquared/edex-ui": 2.070433436532508, "hexojs/hexo": 3.634710743801653, "sahat/hackathon-starter": 2.4395555555555557, "koajs/koa": 2.4245454545454543, "public-apis/public-apis": 1.070364238410596, "donnemartin/system-design-primer": 1.629746835443038, "jackfrued/Python-100-Days": 15.628242074927954, "vinta/awesome-python": 1.4186046511627908, "ytdl-org/youtube-dl": 1.6453580901856764, "tensorflow/models": 8.054354695992922, "nvbn/thefuck": 2.546205860255447, "django/django": 4.648545831082298, "pallets/flask": 2.270887539751373, "keras-team/keras": 3.376319889215856, "josephmisiti/awesome-machine-learning": 1.0136054421768708, "ansible/ansible": 3.7206304220094704, "scikit-learn/scikit-learn": 2.6216040697045133, "521xueweihan/HelloGitHub": 9.63063063063063, "home-assistant/core": 5.37379258704605, "psf/requests": 1.6381618381618381, "soimort/you-get": 1.5202952029520296, "scrapy/scrapy": 2.549834671705243, "minimaxir/big-list-of-naughty-strings": 1.4240837696335078, "apache/superset": 5.150030726011764, "python/cpython": 2.7276704041890607, "deepfakes/faceswap": 3.3397590361445784, "3b1b/manim": 3.3890367216604576, "tiangolo/fastapi": 3.6581740976645434, "fighting41love/funNLP": 2.4956521739130433, "0voice/interview_internal_reference": 3.2354948805460753, "isocpp/CppCoreGuidelines": 1.0668058455114822, "apachecn/AiLearning": 27.742911153119092, "pandas-dev/pandas": 4.152248378398076, "XX-net/XX-Net": 10.488457502623294, "laravel/laravel": 2.2553111487121638, "danielmiessler/SecLists": 22.1706102117061, "blueimp/jQuery-File-Upload": 2.0112456747404845, "fzaninotto/Faker": 2.490167158308751, "symfony/symfony": 6.118142813361937, "composer/composer": 2.2807381524350294, "laravel/framework": 2.2833500889335703, "guzzle/guzzle": 4.449117174959872, "DesignPatternsPHP/DesignPatternsPHP": 6.560335781741868, "Seldaek/monolog": 2.480673934588702, "bcit-ci/CodeIgniter": 4.951203133743705}