{"CyC2018/CS-Notes": 3.494166692097982, "iluwatar/java-design-patterns": 172.01166534423828, "MisterBooo/LeetCodeAnimation": 1.824999988079071, "doocs/advanced-java": 0.8899999856948853, "spring-projects/spring-boot": 0.20632104576050228, "elastic/elasticsearch": 8.46058568889023, "kdn251/interviews": 652.3800048828125, "macrozheng/mall": 9.144999821980795, "spring-projects/spring-framework": 163.6594080555428, "google/guava": 0.6081756798974796, "TheAlgorithms/Java": 13.21749997138977, "kon9chunkit/GitHub-Chinese-Top-Charts": 176.74000549316406, "square/retrofit": 0.38749999151780057, "apache/dubbo": 27.883993027938732, "PhilJay/MPAndroidChart": 54.466149009619684, "airbnb/lottie-android": 3.3888928379331316, "bumptech/glide": 14.04961057142778, "Blankj/AndroidUtilCode": 4.008894860850724, "NationalSecurityAgency/ghidra": 63.507499906751846, "zxing/zxing": 0.07000000029802322, "netty/netty": 4.847702756641674, "skylot/jadx": 24.215530612251975, "crossoverJie/JCSprout": 19.389999389648438, "ityouknow/spring-boot-examples": 48.63999938964844, "JakeWharton/butterknife": 0.40228571806635177, "jeecgboot/jeecg-boot": 1.293788249971849, "alibaba/druid": 550.8314968931909, "alibaba/fastjson": 339.89052562366834, "greenrobot/EventBus": 31.61583360036214, "xkcoding/spring-boot-demo": 57.86000061035156, "scwang90/SmartRefreshLayout": 3.0312499701976776, "dbeaver/dbeaver": 18.436529803186694, "lenve/vhr": 488.510009765625, "CymChad/BaseRecyclerViewAdapterHelper": 2.2059167087078095, "qiurunze123/miaosha": 93.43000030517578, "wuyouzhuguli/SpringAll": 22.395000457763672, "SeleniumHQ/selenium": 0.8277777754343474, "hollischuang/toBeTopJavaer": 30.574999809265137, "alibaba/easyexcel": 13.599999957614475, "signalapp/Signal-Android": 10.936824535570162, "seata/seata": 13.561358063309283, "alibaba/canal": 39.791938438210444, "dromara/hutool": 0.44999998807907104, "alibaba/spring-cloud-alibaba": 12.97066680223514, "google/gson": 0.8458823569459852, "apache/kafka": "NaN", "halo-dev/halo": 1.3328571234430586, "alibaba/nacos": 7.003288175140078, "ReactiveX/RxAndroid": 0.13249999657273293, "google/ExoPlayer": 5.6571477868363935, "square/picasso": 1.3644047720091683, "didi/DoraemonKit": 26.937500476837158, "DrKLO/Telegram": "NaN", "Baseflow/PhotoView": 46.16833241780599, "jenkinsci/jenkins": "NaN", "apache/skywalking": 0.12249999679625034, "alibaba/Sentinel": 8.712909033804229, "bazelbuild/bazel": 84.01199978363819, "apache/flink": "NaN", "CarGuo/GSYVideoPlayer": 2.007129622830285, "facebook/fresco": 7.497792355425946, "elunez/eladmin": 3.2976666688919067, "linlinjava/litemall": 4.070000171661377, "mybatis/mybatis-3": 5.2700000405311584, "Tencent/tinker": 10.959142803010486, "freeCodeCamp/freeCodeCamp": 0.8218529380013163, "facebook/react": 1.3779361172058646, "twbs/bootstrap": 0.7322808171243588, "trekhleb/javascript-algorithms": 16.725000222524006, "d3/d3": 0.42414285242557526, "facebook/create-react-app": 9.251785749955268, "axios/axios": 9.26849998994307, "vercel/next.js": 1.8572428752803416, "mui-org/material-ui": 1.3482497445089145, "FortAwesome/Font-Awesome": 18.924000334550918, "awesome-selfhosted/awesome-selfhosted": 52.7692779329088, "yangshun/tech-interview-handbook": 3.069999933242798, "angular/angular.js": 7.080153111563076, "webpack/webpack": 2.6832923996076197, "ryanmcdermott/clean-code-javascript": 8.569999694824219, "hakimel/reveal.js": 47.925084107786745, "typicode/json-server": 500.10001482282365, "atom/atom": 1.7779307266071152, "expressjs/express": 0.5063052224366442, "adam-p/markdown-here": 315.52833048502606, "h5bp/html5-boilerplate": 1.8119999885559082, "gatsbyjs/gatsby": 7.906273184562224, "lodash/lodash": 0.07000000029802322, "scutan90/DeepLearning-500-questions": 330.26499938964844, "leonardomso/33-js-concepts": 12.09000015258789, "NARKOZ/hacker-scripts": 308.2150115966797, "mermaid-js/mermaid": 173.92507593559495, "iamkun/dayjs": 17.103765958315364, "algorithm-visualizer/algorithm-visualizer": 2.799999952316284, "chinese-poetry/chinese-poetry": 56.790000915527344, "GitSquared/edex-ui": 1.1656249836087227, "hexojs/hexo": 12.927456404026415, "sahat/hackathon-starter": 3.7899999618530273, "koajs/koa": 1.6893939773241677, "public-apis/public-apis": 1.1349999904632568, "donnemartin/system-design-primer": 267.45001220703125, "jackfrued/Python-100-Days": 569.1179809570312, "vinta/awesome-python": 70.65499877929688, "ytdl-org/youtube-dl": 0.25299006179631445, "tensorflow/models": 51.997785848769226, "nvbn/thefuck": 97.42843794822693, "django/django": "NaN", "pallets/flask": 0.4711622799697675, "keras-team/keras": 159.93568015912564, "josephmisiti/awesome-machine-learning": 11.28499984741211, "ansible/ansible": 13.324428326409416, "scikit-learn/scikit-learn": 23.415147484370642, "521xueweihan/HelloGitHub": 5.277260448929431, "home-assistant/core": 11.149452938587281, "psf/requests": 0.8705349806159612, "soimort/you-get": "NaN", "scrapy/scrapy": 27.707222210376013, "minimaxir/big-list-of-naughty-strings": 893.0649719238281, "apache/superset": 67.17136377701327, "python/cpython": "NaN", "deepfakes/faceswap": 1.0139999866485596, "3b1b/manim": 32.55787606239319, "tiangolo/fastapi": 43.06973476308727, "fighting41love/funNLP": 15.934999942779541, "0voice/interview_internal_reference": 263.10999298095703, "isocpp/CppCoreGuidelines": 29.0649995803833, "apachecn/AiLearning": 17.989999771118164, "pandas-dev/pandas": 18.99857392833346, "XX-net/XX-Net": 1399.40259389596, "laravel/laravel": "NaN", "danielmiessler/SecLists": 32.869998931884766, "blueimp/jQuery-File-Upload": 1.0430944410337282, "fzaninotto/Faker": 9.307499885559082, "symfony/symfony": 6.102535155458961, "composer/composer": 3.5842129101240157, "laravel/framework": 0.4387212475905052, "guzzle/guzzle": 3.895833353201548, "DesignPatternsPHP/DesignPatternsPHP": 16.6200008392334, "Seldaek/monolog": 18.3849999109904, "bcit-ci/CodeIgniter": 0.6383999896049499}