{"CyC2018/CS-Notes": 72.75271513161351, "iluwatar/java-design-patterns": 579.7730486627739, "MisterBooo/LeetCodeAnimation": 71.6485187916637, "doocs/advanced-java": 42.18694225644831, "spring-projects/spring-boot": 50.341825323040105, "elastic/elasticsearch": 173.72065183728003, "kdn251/interviews": 627.8336185313999, "macrozheng/mall": 39.721132752187366, "spring-projects/spring-framework": 720.8480982969907, "google/guava": 505.94799132744805, "TheAlgorithms/Java": 98.43152980781647, "kon9chunkit/GitHub-Chinese-Top-Charts": 287.1067004858748, "square/retrofit": 68.62874351517459, "apache/dubbo": 186.62074202791072, "PhilJay/MPAndroidChart": 540.7478689668319, "airbnb/lottie-android": 42.87644701953467, "bumptech/glide": 106.91019847299732, "Blankj/AndroidUtilCode": 42.274718001759844, "NationalSecurityAgency/ghidra": 235.852773769433, "zxing/zxing": 25.77902506911304, "netty/netty": 169.23477513768754, "skylot/jadx": 244.42952508753027, "crossoverJie/JCSprout": 320.85269731595025, "ityouknow/spring-boot-examples": 115.5040384976444, "JakeWharton/butterknife": 135.9066809932805, "jeecgboot/jeecg-boot": 10.049135503640047, "alibaba/druid": 711.7109012190588, "alibaba/fastjson": 574.3314761053321, "greenrobot/EventBus": 327.1064187813855, "xkcoding/spring-boot-demo": 260.25124085248603, "scwang90/SmartRefreshLayout": 78.92510942198233, "dbeaver/dbeaver": 146.21990694889067, "lenve/vhr": 456.07735665826056, "CymChad/BaseRecyclerViewAdapterHelper": 69.45357445019779, "qiurunze123/miaosha": 225.61015482840057, "wuyouzhuguli/SpringAll": 179.91583511823168, "SeleniumHQ/selenium": 98.3187421279774, "hollischuang/toBeTopJavaer": 159.39466730360357, "alibaba/easyexcel": 62.039506346117435, "signalapp/Signal-Android": 193.21256782481655, "seata/seata": 132.2811881371977, "alibaba/canal": 133.15624276350042, "dromara/hutool": 4.115582995045169, "alibaba/spring-cloud-alibaba": 136.52416604446307, "google/gson": 509.58544481532357, "apache/kafka": null, "halo-dev/halo": 53.51725675254202, "alibaba/nacos": 59.660024621317255, "ReactiveX/RxAndroid": 31.629941444751147, "google/ExoPlayer": 80.0876277199332, "square/picasso": 262.354747192875, "didi/DoraemonKit": 91.36803086670453, "DrKLO/Telegram": null, "Baseflow/PhotoView": 351.21469298912353, "jenkinsci/jenkins": null, "apache/skywalking": 28.703136684846935, "alibaba/Sentinel": 123.44904831885528, "bazelbuild/bazel": 330.3006337115353, "apache/flink": null, "CarGuo/GSYVideoPlayer": 9.882684217262494, "facebook/fresco": 151.42719025281352, "elunez/eladmin": 18.869839253961775, "linlinjava/litemall": 90.53461039606147, "mybatis/mybatis-3": 223.40774190483998, "Tencent/tinker": 209.51609784003315, "freeCodeCamp/freeCodeCamp": 36.78531628778078, "facebook/react": 121.22107041167831, "twbs/bootstrap": 41.052994197093234, "trekhleb/javascript-algorithms": 244.34967281800368, "d3/d3": 111.25286812762451, "facebook/create-react-app": 104.21038651525896, "axios/axios": 149.15463337343581, "vercel/next.js": 61.441380369849796, "mui-org/material-ui": 66.91300213891313, "FortAwesome/Font-Awesome": 665.8810028445012, "awesome-selfhosted/awesome-selfhosted": 205.6924453050768, "yangshun/tech-interview-handbook": 226.90450098346918, "angular/angular.js": 223.03178508624063, "webpack/webpack": 129.66989236324682, "ryanmcdermott/clean-code-javascript": 326.2858420359053, "hakimel/reveal.js": 415.8237542197136, "typicode/json-server": 701.730175728589, "atom/atom": 154.86378884257883, "expressjs/express": 93.67471483162659, "adam-p/markdown-here": 860.9185201983316, "h5bp/html5-boilerplate": 38.40356618441811, "gatsbyjs/gatsby": 64.52702283187887, "lodash/lodash": 18.473736043109206, "scutan90/DeepLearning-500-questions": 441.9342054374283, "leonardomso/33-js-concepts": 115.22000020400931, "NARKOZ/hacker-scripts": 806.983242824838, "mermaid-js/mermaid": 288.5343591326239, "iamkun/dayjs": 126.4626819466086, "algorithm-visualizer/algorithm-visualizer": 230.52084427919374, "chinese-poetry/chinese-poetry": 362.4857052734009, "GitSquared/edex-ui": 25.201538463368053, "hexojs/hexo": 138.7076406869284, "sahat/hackathon-starter": 74.22150657714239, "koajs/koa": 62.09296478952555, "public-apis/public-apis": 31.180903491726795, "donnemartin/system-design-primer": 525.5410751213534, "jackfrued/Python-100-Days": 527.3120072304163, "vinta/awesome-python": 349.6668136710285, "ytdl-org/youtube-dl": 230.35464077100698, "tensorflow/models": 233.62064006509206, "nvbn/thefuck": 524.1696419262017, "django/django": null, "pallets/flask": 130.3081984061193, "keras-team/keras": 379.0363915106331, "josephmisiti/awesome-machine-learning": 44.284167100261485, "ansible/ansible": 197.1011232278368, "scikit-learn/scikit-learn": 329.71671124530525, "521xueweihan/HelloGitHub": 17.6125671951818, "home-assistant/core": 65.63330505294238, "psf/requests": 117.72710001231005, "soimort/you-get": null, "scrapy/scrapy": 387.2858425926962, "minimaxir/big-list-of-naughty-strings": 956.1058762348257, "apache/superset": 149.78495413163645, "python/cpython": null, "deepfakes/faceswap": 21.944628238988855, "3b1b/manim": 243.76712708542848, "tiangolo/fastapi": 127.30322625312704, "fighting41love/funNLP": 116.55714307525861, "0voice/interview_internal_reference": 362.5569043787019, "isocpp/CppCoreGuidelines": 277.1621717089013, "apachecn/AiLearning": 324.71068329185175, "pandas-dev/pandas": 315.170925686024, "XX-net/XX-Net": 1015.0392671508736, "laravel/laravel": null, "danielmiessler/SecLists": 147.02994047076314, "blueimp/jQuery-File-Upload": 94.3100909289646, "fzaninotto/Faker": 178.37140290712316, "symfony/symfony": 131.72201314249634, "composer/composer": 142.42864830095132, "laravel/framework": 18.13342801541649, "guzzle/guzzle": 172.55804747655785, "DesignPatternsPHP/DesignPatternsPHP": 102.69532755149581, "Seldaek/monolog": 125.57258028833537, "bcit-ci/CodeIgniter": 95.11694335204614}