{"CyC2018/CS-Notes": 1.556666652361552, "iluwatar/java-design-patterns": 7.252500057220459, "MisterBooo/LeetCodeAnimation": 0.550000011920929, "doocs/advanced-java": 0.7649999856948853, "spring-projects/spring-boot": 1.198722965824137, "elastic/elasticsearch": 1.247876858133544, "kdn251/interviews": 3.975000023841858, "macrozheng/mall": 9.026666959126791, "spring-projects/spring-framework": 2.245145289733927, "google/guava": 5.496000003814697, "TheAlgorithms/Java": 260.28000710227275, "kon9chunkit/GitHub-Chinese-Top-Charts": 26.5600004196167, "square/retrofit": 0.36173993441866426, "apache/dubbo": 7.937413527174906, "PhilJay/MPAndroidChart": 2.156750041246414, "airbnb/lottie-android": 2.581142779758998, "bumptech/glide": 13.891306588342111, "Blankj/AndroidUtilCode": 3.214259293344286, "NationalSecurityAgency/ghidra": 12.023541669050852, "zxing/zxing": 0.09000000357627869, "netty/netty": 2.4006836319876754, "skylot/jadx": 2.800000011920929, "crossoverJie/JCSprout": 3.25, "ityouknow/spring-boot-examples": 48.71999931335449, "JakeWharton/butterknife": 0.36500000953674316, "jeecgboot/jeecg-boot": 1.8544898093963158, "alibaba/druid": 8.231515277515758, "alibaba/fastjson": 9.725545564564792, "greenrobot/EventBus": 19.700000762939453, "xkcoding/spring-boot-demo": 0.8199999928474426, "scwang90/SmartRefreshLayout": 1.934166709582011, "dbeaver/dbeaver": 10.770564416653547, "lenve/vhr": 2.7699999809265137, "CymChad/BaseRecyclerViewAdapterHelper": 1.9259999632835387, "qiurunze123/miaosha": 14.849999904632568, "wuyouzhuguli/SpringAll": 1.7799999713897705, "SeleniumHQ/selenium": 1.6928610765522925, "hollischuang/toBeTopJavaer": 21.969999313354492, "alibaba/easyexcel": 21.127181739036484, "signalapp/Signal-Android": 4.212112095384371, "seata/seata": 3.1830000066757203, "alibaba/canal": 18.139324832272223, "dromara/hutool": 0.523111097017924, "alibaba/spring-cloud-alibaba": 4.953333283464114, "google/gson": 0.6860000014305114, "apache/kafka": 4.728808334433784, "halo-dev/halo": 0.8045833334326744, "alibaba/nacos": 5.7985542183296355, "ReactiveX/RxAndroid": 0.6100000143051147, "google/ExoPlayer": 4.734266205575213, "square/picasso": 0.6272527415018815, "didi/DoraemonKit": 6.2208331823349, "DrKLO/Telegram": 9.253333568572998, "Baseflow/PhotoView": 14.587499976158142, "jenkinsci/jenkins": 5.0844805318039725, "apache/skywalking": 0.1270972382174521, "alibaba/Sentinel": 4.260833283265431, "bazelbuild/bazel": 18.316326833458525, "apache/flink": 3.9409544946413138, "CarGuo/GSYVideoPlayer": 2.3496172741710963, "facebook/fresco": 6.165860208772844, "elunez/eladmin": 2.9350000619888306, "linlinjava/litemall": 3.1666667461395264, "mybatis/mybatis-3": 2.67761986283531, "Tencent/tinker": 3.1600000858306885, "freeCodeCamp/freeCodeCamp": 3.364503677803844, "facebook/react": 0.9249196928653068, "twbs/bootstrap": 0.9354927062435167, "trekhleb/javascript-algorithms": 3.222499966621399, "d3/d3": 0.9928093214366305, "facebook/create-react-app": 4.404922498233152, "axios/axios": 15.138620693382176, "vercel/next.js": 0.8792821848456466, "mui-org/material-ui": 0.7522164499011829, "FortAwesome/Font-Awesome": 0.40094139259238115, "awesome-selfhosted/awesome-selfhosted": 6.943115009201898, "yangshun/tech-interview-handbook": 0.10000000149011612, "angular/angular.js": 4.657916312179246, "webpack/webpack": 1.5897407073910799, "ryanmcdermott/clean-code-javascript": 1.409999966621399, "hakimel/reveal.js": 12.85617068268004, "typicode/json-server": 6.109999895095825, "atom/atom": 1.2947336333093393, "expressjs/express": 0.4643549458646678, "adam-p/markdown-here": 22.295000076293945, "h5bp/html5-boilerplate": 0.9663571402430534, "gatsbyjs/gatsby": 2.2952649698925334, "lodash/lodash": 0.05999999865889549, "scutan90/DeepLearning-500-questions": 25.395000457763672, "leonardomso/33-js-concepts": 0.45499999821186066, "NARKOZ/hacker-scripts": 0.510000005364418, "mermaid-js/mermaid": 38.45249970753988, "iamkun/dayjs": 1.1475000103314719, "algorithm-visualizer/algorithm-visualizer": 0.08000000193715096, "chinese-poetry/chinese-poetry": 1.534999966621399, "GitSquared/edex-ui": 0.9300000021855036, "hexojs/hexo": 11.858475735789082, "sahat/hackathon-starter": 2.5709999322891233, "koajs/koa": 1.1796666423479716, "public-apis/public-apis": 4.329821387926738, "donnemartin/system-design-primer": 12.369999885559082, "jackfrued/Python-100-Days": 3.21999990940094, "vinta/awesome-python": 302.3367438180106, "ytdl-org/youtube-dl": 0.21631767360023177, "tensorflow/models": 13.920454603953067, "nvbn/thefuck": 3.4850000143051147, "django/django": 2.079022209334698, "pallets/flask": 0.630499997138977, "keras-team/keras": 106.70427057655212, "josephmisiti/awesome-machine-learning": 0.44999998807907104, "ansible/ansible": 5.741719842653666, "scikit-learn/scikit-learn": 4.906427334516477, "521xueweihan/HelloGitHub": 5.534814799273456, "home-assistant/core": 2.542661555811328, "psf/requests": 0.5991021549990101, "soimort/you-get": 1.4296666463216146, "scrapy/scrapy": 6.863287575783268, "minimaxir/big-list-of-naughty-strings": 0.7049999833106995, "apache/superset": 4.425323187301033, "python/cpython": 1.0658820959845767, "deepfakes/faceswap": 1.2012857181685312, "3b1b/manim": 3.8971428871154785, "tiangolo/fastapi": 8.646944428247117, "fighting41love/funNLP": 4.139999866485596, "0voice/interview_internal_reference": 3.799999952316284, "isocpp/CppCoreGuidelines": 8.945208291212719, "apachecn/AiLearning": 1.9800000190734863, "pandas-dev/pandas": 2.9902354759142975, "XX-net/XX-Net": 5.137713681756555, "laravel/laravel": 0.27763636708259576, "danielmiessler/SecLists": 8.605555322435167, "blueimp/jQuery-File-Upload": 1.1050000190734863, "fzaninotto/Faker": 6.5092593652230715, "symfony/symfony": 2.0780233478883754, "composer/composer": 3.060216711966963, "laravel/framework": 0.38883788828136207, "guzzle/guzzle": 3.8402273199775006, "DesignPatternsPHP/DesignPatternsPHP": 3.89399995803833, "Seldaek/monolog": 12.191403501912168, "bcit-ci/CodeIgniter": 0.8262331973928317}