{"CyC2018/CS-Notes": 0.2800000011920929, "iluwatar/java-design-patterns": 1.3138181841734686, "MisterBooo/LeetCodeAnimation": 0.4099999964237213, "doocs/advanced-java": 0.08500000089406967, "spring-projects/spring-boot": 0.11999999731779099, "elastic/elasticsearch": 0.0, "kdn251/interviews": 1.0450000166893005, "macrozheng/mall": 2.630000114440918, "spring-projects/spring-framework": 0.4502691575290038, "google/guava": 0.273746682513772, "TheAlgorithms/Java": 75.86649990081787, "kon9chunkit/GitHub-Chinese-Top-Charts": 0.8649999797344208, "square/retrofit": 0.15942528432813183, "apache/dubbo": 0.248273880034457, "PhilJay/MPAndroidChart": 0.9040999990701675, "airbnb/lottie-android": 0.5969444405701425, "bumptech/glide": 0.3199999928474426, "Blankj/AndroidUtilCode": 0.11928571175251688, "NationalSecurityAgency/ghidra": 0.3651020502557559, "zxing/zxing": 0.029999999329447746, "netty/netty": 0.12532703710729506, "skylot/jadx": 0.36542857757636477, "crossoverJie/JCSprout": 0.14000000059604645, "ityouknow/spring-boot-examples": 20.854999542236328, "JakeWharton/butterknife": 0.17000000178813934, "jeecgboot/jeecg-boot": 0.6399999856948853, "alibaba/druid": 1.2064583624402683, "alibaba/fastjson": 0.7203939432447607, "greenrobot/EventBus": 3.81333327293396, "xkcoding/spring-boot-demo": 0.3200000077486038, "scwang90/SmartRefreshLayout": 0.788222222858005, "dbeaver/dbeaver": 0.964648746440841, "lenve/vhr": 1.1150000095367432, "CymChad/BaseRecyclerViewAdapterHelper": 0.6477142640522547, "qiurunze123/miaosha": 0.06500000134110451, "wuyouzhuguli/SpringAll": 0.1600000038743019, "SeleniumHQ/selenium": 0.28163656230239054, "hollischuang/toBeTopJavaer": 5.25, "alibaba/easyexcel": 4.176666683620876, "signalapp/Signal-Android": 0.2030587561239707, "seata/seata": 0.009999999776482582, "alibaba/canal": 2.0345333003997803, "dromara/hutool": 0.27307693087137663, "alibaba/spring-cloud-alibaba": 0.24714285580368783, "google/gson": 0.18200000524520873, "apache/kafka": 0.363532424594606, "halo-dev/halo": 0.009999999776482582, "alibaba/nacos": 0.11932806069907463, "ReactiveX/RxAndroid": 0.09000000357627869, "google/ExoPlayer": 0.31962068286435363, "square/picasso": 0.12599999606609344, "didi/DoraemonKit": 1.6100000143051147, "DrKLO/Telegram": 1.1850000023841858, "Baseflow/PhotoView": 4.590000152587891, "jenkinsci/jenkins": 0.1648124990053475, "apache/skywalking": 0.019999999552965164, "alibaba/Sentinel": 0.029999999329447746, "bazelbuild/bazel": 0.7432316780090331, "apache/flink": 0.0, "CarGuo/GSYVideoPlayer": 0.07999999821186066, "facebook/fresco": 0.3700000047683716, "elunez/eladmin": 1.1925000175833702, "linlinjava/litemall": 0.7599999904632568, "mybatis/mybatis-3": 0.4933333396911621, "Tencent/tinker": 0.684285717351096, "freeCodeCamp/freeCodeCamp": 0.1826810155501538, "facebook/react": 0.03999999910593033, "twbs/bootstrap": 0.14000000059604645, "trekhleb/javascript-algorithms": 0.0, "d3/d3": 0.18461538736636823, "facebook/create-react-app": 0.10000000149011612, "axios/axios": 1.4885052501045257, "vercel/next.js": 0.05000000074505806, "mui-org/material-ui": 0.029999999329447746, "FortAwesome/Font-Awesome": 0.14072891171597537, "awesome-selfhosted/awesome-selfhosted": 0.46122548568482497, "yangshun/tech-interview-handbook": 0.05000000074505806, "angular/angular.js": 0.13958697740738155, "webpack/webpack": 0.03999999910593033, "ryanmcdermott/clean-code-javascript": 0.3100000023841858, "hakimel/reveal.js": 4.897999954223633, "typicode/json-server": 1.2206666946411133, "atom/atom": 0.25847082651334746, "expressjs/express": 0.05000000074505806, "adam-p/markdown-here": 5.379999876022339, "h5bp/html5-boilerplate": 0.06115384500187177, "gatsbyjs/gatsby": 0.2113419855053807, "lodash/lodash": 0.03999999910593033, "scutan90/DeepLearning-500-questions": 0.255000002682209, "leonardomso/33-js-concepts": 0.03999999910593033, "NARKOZ/hacker-scripts": 0.20499999821186066, "mermaid-js/mermaid": 1.941547610930034, "iamkun/dayjs": 0.0, "algorithm-visualizer/algorithm-visualizer": 0.05000000074505806, "chinese-poetry/chinese-poetry": 0.10000000149011612, "GitSquared/edex-ui": 0.10000000149011612, "hexojs/hexo": 0.3956772439694279, "sahat/hackathon-starter": 0.5099999904632568, "koajs/koa": 0.019999999552965164, "public-apis/public-apis": 1.6974556312053162, "donnemartin/system-design-primer": 5.5350000858306885, "jackfrued/Python-100-Days": 1.1349999904632568, "vinta/awesome-python": 1.641277786095937, "ytdl-org/youtube-dl": 0.09000000357627869, "tensorflow/models": 0.6166005371108888, "nvbn/thefuck": 0.5125757455825806, "django/django": 0.4177379609069933, "pallets/flask": 0.07000000029802322, "keras-team/keras": 0.9639174761041909, "josephmisiti/awesome-machine-learning": 0.3450000087420146, "ansible/ansible": 0.009999999776482582, "scikit-learn/scikit-learn": 0.20304869928217958, "521xueweihan/HelloGitHub": 2.0953267785458785, "home-assistant/core": 0.029999999329447746, "psf/requests": 0.03999999910593033, "soimort/you-get": 0.0, "scrapy/scrapy": 0.1253150288887273, "minimaxir/big-list-of-naughty-strings": 0.2499999925494194, "apache/superset": 0.03999999910593033, "python/cpython": 0.06168604544688796, "deepfakes/faceswap": 0.11999999731779099, "3b1b/manim": 0.5360000014305115, "tiangolo/fastapi": 0.05000000074505806, "fighting41love/funNLP": 1.2200000286102295, "0voice/interview_internal_reference": 1.9900000095367432, "isocpp/CppCoreGuidelines": 0.5397959315046972, "apachecn/AiLearning": 0.6000000238418579, "pandas-dev/pandas": 0.11889512257077192, "XX-net/XX-Net": 0.03999999910593033, "laravel/laravel": 0.06615384582143563, "danielmiessler/SecLists": 1.475000023841858, "blueimp/jQuery-File-Upload": 0.44977003964335327, "fzaninotto/Faker": 1.8085714294796897, "symfony/symfony": 0.12995171019341642, "composer/composer": 0.2493329775997791, "laravel/framework": 0.08828829094633325, "guzzle/guzzle": 0.39524012622694493, "DesignPatternsPHP/DesignPatternsPHP": 1.2000000476837158, "Seldaek/monolog": 1.5913333310021294, "bcit-ci/CodeIgniter": 0.2108888828092151}