{
    "CyC2018/CS-Notes": 803.02001953125,
    "iluwatar/java-design-patterns": 2356.5,
    "MisterBooo/LeetCodeAnimation": 516.010009765625,
    "doocs/advanced-java": 920.6699829101562,
    "spring-projects/spring-boot": 2836.22998046875,
    "elastic/elasticsearch": 3729.510009765625,
    "kdn251/interviews": 1676.6800537109375,
    "macrozheng/mall": 1005.5999755859375,
    "spring-projects/spring-framework": 5541.2099609375,
    "google/guava": 2549.5400390625,
    "TheAlgorithms/Java": 1016.5599975585938,
    "kon9chunkit/GitHub-Chinese-Top-Charts": 744.72998046875,
    "square/retrofit": 2839.820068359375,
    "apache/dubbo": 1967.949951171875,
    "PhilJay/MPAndroidChart": 2532.64990234375,
    "airbnb/lottie-android": 1650.1300048828125,
    "bumptech/glide": 2610.9599609375,
    "Blankj/AndroidUtilCode": 1914.010009765625,
    "NationalSecurityAgency/ghidra": 967.7899780273438,
    "zxing/zxing": 2837.2900390625,
    "netty/netty": 3633.139892578125,
    "skylot/jadx": 2561.469970703125,
    "crossoverJie/JCSprout": 1279.97998046875,
    "ityouknow/spring-boot-examples": 1305.699951171875,
    "JakeWharton/butterknife": 3098.77001953125,
    "jeecgboot/jeecg-boot": 508.75,
    "alibaba/druid": 3296.330078125,
    "alibaba/fastjson": 2732.090087890625,
    "greenrobot/EventBus": 3267.68994140625,
    "xkcoding/spring-boot-demo": 959.3800048828125,
    "scwang90/SmartRefreshLayout": 1561.6199951171875,
    "dbeaver/dbeaver": 2166.580078125,
    "lenve/vhr": 1328.6600341796875,
    "CymChad/BaseRecyclerViewAdapterHelper": 836.5700073242188,
    "qiurunze123/miaosha": 825.75,
    "wuyouzhuguli/SpringAll": 1127.56005859375,
    "SeleniumHQ/selenium": 2207.570068359375,
    "hollischuang/toBeTopJavaer": 968.530029296875,
    "alibaba/easyexcel": 729.8400268554688,
    "signalapp/Signal-Android": 2241.389892578125,
    "seata/seata": 1013.530029296875,
    "alibaba/canal": 3174.72998046875,
    "dromara/hutool": 880.5,
    "alibaba/spring-cloud-alibaba": 1043.530029296875,
    "google/gson": 2414.080078125,
    "apache/kafka": null,
    "halo-dev/halo": 938.8699951171875,
    "alibaba/nacos": 1187.739990234375,
    "ReactiveX/RxAndroid": 603.2100219726562,
    "google/ExoPlayer": 2534.8701171875,
    "square/picasso": 3089.1298828125,
    "didi/DoraemonKit": 681.3699951171875,
    "DrKLO/Telegram": null,
    "Baseflow/PhotoView": 2765.919921875,
    "jenkinsci/jenkins": null,
    "apache/skywalking": 1371.3199462890625,
    "alibaba/Sentinel": 1185.1099853515625,
    "bazelbuild/bazel": 2390.5400390625,
    "apache/flink": null,
    "CarGuo/GSYVideoPlayer": 1521.300048828125,
    "facebook/fresco": 2339.22998046875,
    "elunez/eladmin": 967.0700073242188,
    "linlinjava/litemall": 1181.8399658203125,
    "mybatis/mybatis-3": 3157.27001953125,
    "Tencent/tinker": 1184.1600341796875,
    "freeCodeCamp/freeCodeCamp": 1291.760009765625,
    "facebook/react": 2998.110107421875,
    "twbs/bootstrap": 2203.699951171875,
    "trekhleb/javascript-algorithms": 1254.800048828125,
    "d3/d3": 2254.610107421875,
    "facebook/create-react-app": 1874.6199951171875,
    "axios/axios": 2213.590087890625,
    "vercel/next.js": 1762.4300537109375,
    "mui-org/material-ui": 2222.7099609375,
    "FortAwesome/Font-Awesome": 3494.659912109375,
    "awesome-selfhosted/awesome-selfhosted": 2283.18994140625,
    "yangshun/tech-interview-handbook": 1440.1099853515625,
    "angular/angular.js": 3838.050048828125,
    "webpack/webpack": 2666.179931640625,
    "ryanmcdermott/clean-code-javascript": 1758.3299560546875,
    "hakimel/reveal.js": 3074.68994140625,
    "typicode/json-server": 2462.7900390625,
    "atom/atom": 2940.35009765625,
    "expressjs/express": 2809.340087890625,
    "adam-p/markdown-here": 3453.68994140625,
    "h5bp/html5-boilerplate": 1335.25,
    "gatsbyjs/gatsby": 1376.56005859375,
    "lodash/lodash": 3307.919921875,
    "scutan90/DeepLearning-500-questions": 1215.8199462890625,
    "leonardomso/33-js-concepts": 570.4299926757812,
    "NARKOZ/hacker-scripts": 2170.7099609375,
    "mermaid-js/mermaid": 2326.60009765625,
    "iamkun/dayjs": 1262.31005859375,
    "algorithm-visualizer/algorithm-visualizer": 1988.52001953125,
    "chinese-poetry/chinese-poetry": 1569.1099853515625,
    "GitSquared/edex-ui": 756.010009765625,
    "hexojs/hexo": 2615.2900390625,
    "sahat/hackathon-starter": 1310.5699462890625,
    "koajs/koa": 2811.7900390625,
    "public-apis/public-apis": 1013.010009765625,
    "donnemartin/system-design-primer": 1699.6400146484375,
    "jackfrued/Python-100-Days": 1245.8499755859375,
    "vinta/awesome-python": 1816.9300537109375,
    "ytdl-org/youtube-dl": 4026.330078125,
    "tensorflow/models": 1637.2900390625,
    "nvbn/thefuck": 2389.8701171875,
    "django/django": null,
    "pallets/flask": 3757.2900390625,
    "keras-team/keras": 2176.780029296875,
    "josephmisiti/awesome-machine-learning": 408.2799987792969,
    "ansible/ansible": 2446.340087890625,
    "scikit-learn/scikit-learn": 3928.699951171875,
    "521xueweihan/HelloGitHub": 1268.25,
    "home-assistant/core": 1465.050048828125,
    "psf/requests": 3464.43994140625,
    "soimort/you-get": null,
    "scrapy/scrapy": 3717.93994140625,
    "minimaxir/big-list-of-naughty-strings": 2286.18994140625,
    "apache/superset": 2006.510009765625,
    "python/cpython": null,
    "deepfakes/faceswap": 1376.97998046875,
    "3b1b/manim": 1488.800048828125,
    "tiangolo/fastapi": 1025.8699951171875,
    "fighting41love/funNLP": 596.27001953125,
    "0voice/interview_internal_reference": 848.0900268554688,
    "isocpp/CppCoreGuidelines": 2247.679931640625,
    "apachecn/AiLearning": 1169.6500244140625,
    "pandas-dev/pandas": 3477.570068359375,
    "XX-net/XX-Net": 2469.25,
    "laravel/laravel": null,
    "danielmiessler/SecLists": 2223.830078125,
    "blueimp/jQuery-File-Upload": 3789.9599609375,
    "fzaninotto/Faker": 2730.469970703125,
    "symfony/symfony": 3241.18994140625,
    "composer/composer": 3507.010009765625,
    "laravel/framework": 2127.179931640625,
    "guzzle/guzzle": 2262.969970703125,
    "DesignPatternsPHP/DesignPatternsPHP": 1122.1500244140625,
    "Seldaek/monolog": 2846.2099609375,
    "bcit-ci/CodeIgniter": 3742.60009765625
}